"Organism","g","pN"
"E. coli",0.878,0.751797241286221
"B. pertussis",0.916,0.730704479406754
"M. tuberculosis",0.91,0.716408651817107
"S. typhimurium",0.858,0.73129787589898
"P. aeruginosa",0.8829,0.727579558367742
